<?xml version='1.0' encoding='UTF-8' ?>
<!DOCTYPE log4j:configuration SYSTEM "log4j.dtd">

<log4j:configuration>

   <appender name="A1" class="org.apache.log4j.RollingFileAppender">
      <param name="encoding" value="UTF-8"/>
      <param name="MaxFileSize" value="4Mb"/>
      <param name="MaxBackupIndex" value="10"/>
      <param name="file" value="smscale.log"/>
      <layout class="org.apache.log4j.PatternLayout">
         <param name="ConversionPattern" value="%d [%7r] [%t] %6p - %c - %m%n"/>
      </layout>
   </appender>

   <root>
     <priority value ="debug" />
     <appender-ref ref="A1" />
   </root>


</log4j:configuration>
